{
  "courses": [
    {
      "id": 2,
      "title": "React: The Big Picture",
      "slug": "react-big-picture",
      "authorId": 1,
      "category": "JavaScript"
    },
    {
      "id": 4,
      "title": "Building a JavaScript Development Environment",
      "slug": "javascript-development-environment",
      "authorId": 1,
      "category": "JavaScript"
    },
    {
      "id": 7,
      "title": "Clean Code: Writing Code for Humans",
      "slug": "writing-clean-code-humans",
      "authorId": 1,
      "category": "Software Practices"
    },
    {
      "id": 8,
      "title": "Architecting Applications for the Real World",
      "slug": "architecting-applications-dotnet",
      "authorId": 1,
      "category": "Software Architecture"
    },
    {
      "id": 9,
      "title": "Becoming an Outlier: Reprogramming the Developer Mind",
      "slug": "career-reboot-for-developer-mind",
      "authorId": 1,
      "category": "Career"
    },
    {
      "id": 10,
      "title": "Web Component Fundamentals",
      "slug": "web-components-shadow-dom",
      "authorId": 1,
      "category": "HTML5"
    },
    {
      "id": 11,
      "slug": "react-flux",
      "title": "react flux",
      "authorId": 1,
      "category": "Core",
      "createdAt": 1599330102693
    },
    {
      "id": 12,
      "slug": "hello",
      "title": "Hello",
      "authorId": 2,
      "category": "dd",
      "createdAt": 1599330376954
    }
  ],
  "authors": [
    {
      "id": 1,
      "name": "Cory House"
    },
    {
      "id": 2,
      "name": "Scott Allen"
    },
    {
      "id": 3,
      "name": "Dan Wahlin"
    }
  ]
}